{
	"defaultLocale": "en-GB",
	"resources": 
		[{
			"en-GB": {
				"PluginDisplayname": "Azure Devops Integration",
				"AzureDevopsBaseUrl": "AzureDevops Base Url",
				"AzureDevopsCustomFieldID": "AzureDevops Client ID",
				"AzureDevopsCustomFieldName": "AzureDevops Custom Field Name",
				"ClientID": "AzureDevops Client ID",
				"MarvalAPIKey": "Marval API Key",
				"PluginKey": "Plugin Key",
				"StatusDropdown": "Disable Status Dropdown (Y|N)",
				"ClosureStatus": "Status to Move to",
				"AzureDevopsUsername": "AzureDevops Username",
				"ProjectName": "The Name of your project in Azure DevOps",
				"OrganisationName": "The Name of your organisation in Azure DevOps",
				"AzureDevopsAPIKey": "AzureDevops API Key",
				"ProxyUsername": "Proxy Username",
				"ProxyPassword": "Proxy Password",
				"MSMAPIKey": "MSM API Key",
				"azuredevopsKeyIssue": "Azure DevOps Key",
				"azuredevopsKeyUndefinedIssue": "Azure DevOps Key Undefined",
				"AzureDevopsIssue": "AzureDevops Issue",
				"AttachmentCheckBox": "attachment",
				"SelectedAttachments": "Attachments ({0} selected)",
				"AttachmentPopUpTitle": "New AzureDevops Issue",
				"InvalidAzureDevopsConfiguration": "Invalid AzureDevops Configuration",
				"SettingsNotConfigured": "The following settings have not been configured:",
				"AddConfigurationViaPluginPage": "Please add these via the plugin page",
				"EnterAzureDevopsIssueNumber": "Please enter a AzureDevops ID below (e.g 2): <div style='z-index:400'><input style='margin-top: 5px; height: 20px; width: 100%; box-sizing: border-box' class='text' type='text' placeholder='Issue Number' /></div>",
				"LinkAzureDevopsIssueTitle": "Link AzureDevops Issue",
				"LinkedIssuesTitle": "Linked Work Items",
				"Link": "Link",
				"NewIssue": "New Work Item",
				"IssueTypeSelector": " -- Issue Type -- ",
				"Create": "Create",
				"MSMContactReporter": "MSM Contact as Reporter",
				"Unlink": "Unlink",
				"EnsureConfigurationSettingsCorrect": "There was an error loading some configuration settings, ensure all configuration settings are correct.",
				"SelectRequestAttachmentHeader": "Select Request Attachment(s):",
				"SelectAllOption": "Select All",
				"SelectNoneOption": "Select None",
				"Details": "Details",
				"Type": "Type",
				"Status": "Status",
				"Priority": "Priority",
				"Resolution": "Resolution",
				"AffectsVersion": "Affects Version/s",
				"FixVersion": "Fix Version/s",
				"Component": "Component/s",
				"Label": "Label/s",
				"StoryPoints": "Story Points",
				"People": "People",
				"Assignee": "Assignee",
				"Reporter": "Reporter",
				"Dates": "Dates",
				"Created": "Created",
				"Updated": "Updated",
				"Description": "Description",
				"OneSecondAgo": "1 second ago",
				"AFewSecondsAgo": "A few seconds ago",
				"OneMinuteAgo": "1 minute ago",
				"MinutesAgo": "{0} minutes ago",
				"OneHourAgo": "1 hour ago",
				"HoursAgo": "{0} hours ago",
				"YesterdayAt": "Yesterday at {0}",
				"DaysAgo": "{0} days ago"
			}
		}]	
}