{
  "defaultLocale": "en-GB",
  "resources":
  [{
    "en-GB": {
      "PluginDisplayname": "Sharepoint",
      "UserAPIKey": "User API Key",
      "ClientID": "Microsoft Application Client ID",
      "CustomAttribute": "Custom Attribute",
      "AutomateSubfolderCreation": "Automate Subfolder Creation",
      "SuggestDirectoryName": "Naming Convention",
      "createFolderOption": "Create Folder Option",
      "@@MarvalAPIKey": "Marval API Key",
      "MarvalAPIKey": "Marval API Key",
      "EnforceReferences": "Enforced Reference",
      "PluginKey" :  "Integration Plugin Key"
    }
  }]
}

